name,email,phone
Nada,nada32@gmail.com,0102206948
Hana,hana99@hotmail.com,0104740735
Nada,nada69@gmail.com,0108531241
Khaled,khaled65@hotmail.com,0109125383
Nada,nada32@gmail.com,0102206948
Omar,omar35@yahoo.com,0102312061
Mohamed,mohamed50@hotmail.com,0109293688
Laila,laila97@yahoo.com,0101016542
Khaled,khaled27@hotmail.com,0109520969
Youssef,youssef36@gmail.com,0109351444
Nada,nada96@gmail.com,0107684382
Nada,nada27@hotmail.com,0106806272
Hana,,0104867143
Fatma,fatma25@gmail.com,0101423984
Omar,,0102981400
Ali,ali33@yahoo.com,0103515242
Youssef,youssef15@yahoo.com,0107552272
Khaled,khaled19@hotmail.com,0103992542
Ali,ali69@yahoo.com,0103745230
Nada,nada45@yahoo.com,0102532352
Khaled,khaled21@yahoo.com,0107872197
Khaled,khaled93@yahoo.com,0107640876
Sara,sara31@gmail.com,0101884035
Omar,omar44@hotmail.com,0109661918
Khaled,khaled94@gmail.com,0108418886
Sara,sara91@hotmail.com,0103915632
Khaled,khaled72@yahoo.com,0103628448
Ali,ali88@yahoo.com,0101023041
Nada,nada29@hotmail.com,0105484545
Mohamed,mohamed50@hotmail.com,0109293688
Laila,,0105024959
Khaled,khaled71@yahoo.com,0105534337
Omar,omar39@hotmail.com,0102969413
Youssef,youssef80@gmail.com,0106672827
Fatma,fatma95@hotmail.com,0105449696
Omar,omar32@gmail.com,0109908729
Khaled,khaled91@gmail.com,0103024703
Fatma,fatma77@hotmail.com,0105515574
Omar,omar36@hotmail.com,0108184934
Omar,omar52@hotmail.com,0102850985
Ali,,0101281651
Ali,ali20@hotmail.com,0108808237
Youssef,youssef84@hotmail.com,0106830824
Ali,ali12@hotmail.com,0108032230
Youssef,youssef62@gmail.com,0104389914
Sara,sara37@hotmail.com,0101415603
Ali,ali69@yahoo.com,0103745230
Laila,laila12@yahoo.com,0102932009
Fatma,fatma53@hotmail.com,0107162904
Fatma,fatma82@yahoo.com,0105082429
Khaled,khaled68@yahoo.com,0106420579
Youssef,youssef67@yahoo.com,0102524785
Mohamed,mohamed18@gmail.com,0103257232
Laila,laila72@yahoo.com,0106243435
Omar,,0108755373
Fatma,fatma44@gmail.com,0102630368
Hana,hana37@hotmail.com,0104006732
Youssef,youssef67@yahoo.com,0101272784
Fatma,fatma46@yahoo.com,0102025429
Khaled,khaled83@yahoo.com,0108371862
Nada,nada83@hotmail.com,0108044366
Khaled,khaled27@hotmail.com,0109520969
Nada,nada19@gmail.com,0109303504
Sara,sara71@gmail.com,0107767311
Fatma,fatma18@hotmail.com,0107231615
Nada,nada64@gmail.com,0104081708
Khaled,khaled43@hotmail.com,0101039663
Ali,ali20@hotmail.com,0108808237
Ali,ali80@yahoo.com,0104109193
Khaled,,0109533902
Ali,ali83@gmail.com,0109489362
Nada,nada64@gmail.com,0108774286
Nada,nada21@hotmail.com,0101057312
Youssef,youssef39@hotmail.com,0106098838
Sara,sara17@gmail.com,0107581636
Fatma,fatma80@yahoo.com,0102874722
Mohamed,mohamed56@hotmail.com,0108272009
Nada,nada21@hotmail.com,0101057312
Fatma,fatma46@yahoo.com,0102025429
Hana,hana71@yahoo.com,0102918717
Omar,omar76@hotmail.com,0107440840
Sara,sara72@yahoo.com,0102225120
Youssef,youssef38@hotmail.com,0106925032
Laila,,0104575650
Omar,omar39@hotmail.com,0102969413
Laila,laila37@gmail.com,0106020514
Omar,omar80@gmail.com,0105256021
Ali,ali40@gmail.com,0103665237
Hana,hana77@hotmail.com,0102137601
Mohamed,mohamed16@hotmail.com,0105092881
Fatma,fatma60@yahoo.com,0108089507
Hana,hana19@hotmail.com,0109889927
Hana,,0103421051
Mohamed,mohamed45@yahoo.com,0101193000
Sara,,0108911258
Sara,sara37@hotmail.com,0106350140
Sara,sara72@yahoo.com,0102225120
Omar,omar78@yahoo.com,0109196498
Youssef,,0104999072
Nada,nada64@gmail.com,0108774286
